Energy kev, Efficiency m^2
59.5, 0.00139
81.0, 0.00282
160.6, 0.00361
223.2, 0.00384
276.4, 0.00329
302.9, 0.00316
356.0, 0.00295
383.8, 0.00283
511.0, 0.00244
661.7, 0.00216
1173.2,	0.00168
1274.5,	0.00159
1332.5, 0.00158
